<!--
Copyright (c) 2008 Jeff Chapman

All rights reserved.

Redistribution and use in source and binary forms, with or without
modification, are permitted provided that the following conditions
are met:

    * Redistributions of source code must retain the above
      copyright notice, this list of conditions and the following
      disclaimer.
    * Redistributions in binary form must reproduce the above
      copyright notice, this list of conditions and the following
      disclaimer in the documentation and/or other materials provided
      with the distribution.

THIS SOFTWARE IS PROVIDED BY THE COPYRIGHT HOLDERS AND CONTRIBUTORS
"AS IS" AND ANY EXPRESS OR IMPLIED WARRANTIES, INCLUDING, BUT NOT
LIMITED TO, THE IMPLIED WARRANTIES OF MERCHANTABILITY AND FITNESS FOR
A PARTICULAR PURPOSE ARE DISCLAIMED. IN NO EVENT SHALL THE COPYRIGHT OWNER OR
CONTRIBUTORS BE LIABLE FOR ANY DIRECT, INDIRECT, INCIDENTAL, SPECIAL,
EXEMPLARY, OR CONSEQUENTIAL DAMAGES (INCLUDING, BUT NOT LIMITED TO,
PROCUREMENT OF SUBSTITUTE GOODS OR SERVICES; LOSS OF USE, DATA, OR
PROFITS; OR BUSINESS INTERRUPTION) HOWEVER CAUSED AND ON ANY THEORY OF
LIABILITY, WHETHER IN CONTRACT, STRICT LIABILITY, OR TORT (INCLUDING
NEGLIGENCE OR OTHERWISE) ARISING IN ANY WAY OUT OF THE USE OF THIS
SOFTWARE, EVEN IF ADVISED OF THE POSSIBILITY OF SUCH DAMAGE.
-->
<!-- $Id: jipsnapmanMenuConfig.xml,v 1.1 2008/09/23 04:48:16 jchapman0 Exp $ -->
<yaslMenuConfig>
  <property key="bundleName" value="com.jchapman.jipsnapman.resources.jipsnapmanStrings"/>
  <!-- create main menus -->
  <menu key="menu_file">
    <argRBString bundle="$bundleName" key="menu.file"/>
  </menu>
  <menu key="menu_help">
    <argRBString bundle="$bundleName" key="menu.help"/>
  </menu>

  <!-- add items to menu_file -->
  <menuItem attachTo="menu_file">
    <argKeyedObject keyType="actions" key="yasl_action_application_exit"/>
  </menuItem>

  <!-- add items to menu_help -->
  <menuItem attachTo="menu_help">
    <argKeyedObject keyType="actions" key="help_about"/>
  </menuItem>

  <!-- menubar -->
  <menuBar key="main_menubar"/>
  <!-- add menus to menubar -->
  <methodCall keyType="menubars" key="main_menubar" method="add">
    <argKeyedObject keyType="menus" key="menu_file"/>
  </methodCall>
  <methodCall keyType="menubars" key="main_menubar" method="add">
    <argKeyedObject keyType="menus" key="menu_help"/>
  </methodCall>
</yaslMenuConfig>


